{"Exception":{"name":"Error","message":"Class 'cn\\atd3\\response\\FormActionResponse' not found","file":"E:\\website\\suda-study\\suda\\system\\src\\suda\\tool\\Command.php","line":74,"level":"error","severity":1,"backtrace":[{"file":"E:\\website\\suda-study\\suda\\system\\src\\suda\\core\\route\\Mapping.php","line":134,"function":"exec","class":"suda\\tool\\Command","type":"->","args":[[{}]]},{"file":"E:\\website\\suda-study\\suda\\system\\src\\suda\\core\\Router.php","line":500,"function":"run","class":"suda\\core\\route\\Mapping","type":"->","args":[]},{"file":"E:\\website\\suda-study\\suda\\system\\src\\suda\\core\\Router.php","line":336,"function":"runRouter","class":"suda\\core\\Router","type":"::","args":[{}]},{"file":"E:\\website\\suda-study\\suda\\system\\src\\suda\\core\\System.php","line":85,"function":"dispatch","class":"suda\\core\\Router","type":"->","args":[]},{"file":"E:\\website\\suda-study\\suda\\system\\suda.php","line":7,"function":"run","class":"suda\\core\\System","type":"::","args":[]},{"file":"E:\\website\\suda-study\\public\\dev.php","line":20,"args":["E:\\website\\suda-study\\suda\\system\\suda.php"],"function":"require_once"}]},"Dump":{"_ENV":{"PHP":"7.2.1","SERVER":"Apache\/2.4.23 (Win32) OpenSSL\/1.0.2j mod_fcgid\/2.3.9","SUDA":"1.2.16"},"_PHP":{"_GET":[],"_POST":[],"_FILES":[],"_SERVER":{"PATH":"C:\\Program Files\\Java\\jdk1.8.0_172\\bin;C:\\Program Files\\Java\\jre1.8.0_172\\bin;C:\\ProgramData\\Oracle\\Java\\javapath;C:\\WINDOWS\\system32;C:\\WINDOWS;C:\\WINDOWS\\System32\\Wbem;C:\\WINDOWS\\System32\\WindowsPowerShell\\v1.0\\;C:\\WINDOWS\\System32\\OpenSSH\\;C:\\Program Files\\Java\\jdk-9.0.4\\bin;C:\\Program Files\\Java\\jre-9.0.4\\bin;C:\\Program Files (x86)\\Rational\\common;C:\\Program Files\\MySQL\\MySQL Server 5.7\\bin;C:\\wamp64\\bin\\mysql\\mysql5.7.19\\bin;C:\\wamp64\\bin\\php\\php7.1.9;C:\\Python27\\sqlmap;C:\\Program Files\\Git\\cmd;C:\\Program Files\\Microsoft VS Code\\bin;E:\\phpStudy\\PHPTutorial\\php\\php-7.2.8-nts;C:\\Users\\song\\AppData\\Local\\Programs\\Python\\Python37\\Scripts\\;C:\\Users\\song\\AppData\\Local\\Programs\\Python\\Python37\\;C:\\Users\\song\\AppData\\Local\\Microsoft\\WindowsApps;C:\\Python27;C:\\Users\\song\\AppData\\Local\\Programs\\Fiddler;C:\\Users\\song\\AppData\\Local\\GitHubDesktop\\bin","SYSTEMROOT":"C:\\WINDOWS","COMSPEC":"C:\\WINDOWS\\system32\\cmd.exe","PATHEXT":".COM;.EXE;.BAT;.CMD;.VBS;.VBE;.JS;.JSE;.WSF;.WSH;.MSC","WINDIR":"C:\\WINDOWS","PHP_FCGI_MAX_REQUESTS":"1000","PHPRC":"E:\/phpStudy\/PHPTutorial\/php\/php-7.2.1-nts\/","_FCGI_SHUTDOWN_EVENT_":"2160","PATH_TRANSLATED":"redirect:\\index.php","PATH_INFO":"\/my-form-action","SCRIPT_NAME":"\/dev.php","REQUEST_URI":"\/dev.php\/my-form-action","QUERY_STRING":"","REQUEST_METHOD":"GET","SERVER_PROTOCOL":"HTTP\/1.1","GATEWAY_INTERFACE":"CGI\/1.1","REMOTE_PORT":"52568","SCRIPT_FILENAME":"E:\/website\/suda-study\/public\/dev.php","SERVER_ADMIN":"admin@php.cn","CONTEXT_DOCUMENT_ROOT":"E:\/website\/suda-study\/public","CONTEXT_PREFIX":"","REQUEST_SCHEME":"http","DOCUMENT_ROOT":"E:\/website\/suda-study\/public","REMOTE_ADDR":"::1","SERVER_PORT":"80","SERVER_ADDR":"::1","SERVER_NAME":"localhost","SERVER_SOFTWARE":"Apache\/2.4.23 (Win32) OpenSSL\/1.0.2j mod_fcgid\/2.3.9","SERVER_SIGNATURE":"","SystemRoot":"C:\\WINDOWS","HTTP_COOKIE":"hibext_instdsigdip=1; __debug=ZHhraXRl","HTTP_USER_AGENT":"Mozilla\/5.0 (Windows NT 10.0; WOW64; Trident\/7.0; rv:11.0) like Gecko Core\/1.63.5478.400 QQBrowser\/10.1.1550.400","HTTP_CONNECTION":"close","HTTP_HOST":"localhost","HTTP_ACCEPT_ENCODING":"gzip, deflate","HTTP_ACCEPT_LANGUAGE":"zh-Hans-CN,zh-Hans;q=0.5","HTTP_ACCEPT":"text\/html, application\/xhtml+xml, image\/jxr, *\/*","FCGI_ROLE":"RESPONDER","PHP_SELF":"\/dev.php\/my-form-action","REQUEST_TIME_FLOAT":1533215296.8471119,"REQUEST_TIME":1533215296},"_COOKIE":{"hibext_instdsigdip":"1","__debug":"ZHhraXRl"}},"_CONST":{"APP_DIR":"E:\\website\\suda-study\\public\/..\/app","APP_LOG":"E:\\website\\suda-study\\public\/..\/app\/data\/logs","SYSTEM":"E:\\website\\suda-study\\public\/..\/suda\/system","APP_PUBLIC":"E:\\website\\suda-study\\public","DEBUG":true,"LOG_LEVEL":"trace","LOG_JSON":false,"LOG_FILE_APPEND":true,"DEFAULT_TIMEZONE":"PRC","D_START":1533215296.8478069,"D_MEM":382536,"ROOT_PATH":"E:\\website\\suda-study\\suda","SYSTEM_DIR":"E:\\website\\suda-study\\suda\\system","SYSTEM_RESOURCE":"E:\\website\\suda-study\\suda\\system\/resource","IS_LINUX":false,"IS_CONSOLE":false,"SUDA_VERSION":"1.2.16","MODULES_DIR":"E:\\website\\suda-study\\app\\modules","RESOURCE_DIR":"E:\\website\\suda-study\\app\\resource","DATA_DIR":"E:\\website\\suda-study\\app\\data","RUNTIME_DIR":"E:\\website\\suda-study\\app\\data\\runtime","VIEWS_DIR":"E:\\website\\suda-study\\app\\data\\views","CACHE_DIR":"E:\\website\\suda-study\\app\\data\\cache","CONFIG_DIR":"E:\\website\\suda-study\\app\\resource\\config","TEMP_DIR":"E:\\website\\suda-study\\app\\data\\temp","SHRAE_DIR":"E:\\website\\suda-study\\app\\share","MODULE_RESOURCE":"E:\\website\\suda-study\\app\\modules\\app\\resource","MODULE_CONFIG":"E:\\website\\suda-study\\app\\modules\\app\\resource\\config"},"_LOG":[],"_TIME":{"system":{"time":1533215296.8546669,"type":"info"},"init application":{"time":1533215296.8553269,"type":"info","pass":0.019012212753295898},"init router":{"time":1533215296.8743689,"type":"info","pass":0.0023100376129150391},"run request":{"time":1533215296.876739,"type":"info"},"dispatch":{"time":1533215296.8767409,"type":"info","pass":6.6995620727539062e-5},"run router":{"time":1533215296.8773141,"type":"info"},"request":{"time":1533215296.8782589,"type":"info"}},"_COOKIE":{"__debug":{"name":"__debug","value":"ZHhraXRl"}},"_INCLUDE":{"0":"E:\\website\\suda-study\\suda\\system\\src","1":"E:\\website\\suda-study\\public\/..\/app\/share","cn\\atd3":"E:\\website\\suda-study\\app\\modules\/app\\share","cn\\atd3\\response":"E:\\website\\suda-study\\app\\modules\/app\\src"},"_LANG_PATH":["E:\\website\\suda-study\\suda\\system\/resource\/locales","E:\\website\\suda-study\\app\\modules\/app\/resource\/locales\/","E:\\website\\suda-study\\suda\\system\\resource\\modules\/dxkite-suda\/resource\/locales\/","E:\\website\\suda-study\\public\/..\/app\/resource\/locales\/","E:\\website\\suda-study\\app\\modules\\app\\resource\/locales"],"_LANG_STR":{"Hello,World!":"世界，你好！","Memory Cost: %s":"内存消耗：%s","Memory Peak: %s":"内存峰值：%s","Time Cost：%s s":"时间消耗：%s秒","Requst Ip: %s":"请求地址：%s","Performance By Suda v%s":"由 Suda v%s 驱动","page \"%s\"  is not found":"当前页面 \"%s\" 不存在，请确认后继续"},"_CONFIG":{"request":"b6435d99_b640df","name":"suda-test-app","namespace":"cn\\atd3","version":"1.0-dev","application":"suda\\core\\Application","modules":["suda","app"],"reachable":["app"],"language":"zh-CN","url":{"mode":0,"beautify":true,"rewrite":true},"app":{"request":"b640df","name":"suda-test-app","namespace":"cn\\atd3","version":"1.0-dev","application":"suda\\core\\Application","modules":["suda","app"],"reachable":["app"],"language":"zh-CN","url":{"mode":0,"beautify":true,"rewrite":true},"debug":true},"debug":true,"debug-passwd":"dxkite","debug-local":true,"timelimit":0,"timezone":"PRC","markVersion":true,"database":{"prefix":"dx_","host":"127.0.0.1","port":3306,"name":"suda_system","user":"root","passwd":"root","charset":"utf8"},"non-static":"php","module":{"name":"default","namespace":"cn\\atd3","authors":[{"name":"dxkite","email":"dxkite@qq.com"}],"import":{"share":{"cn\\atd3":"share"},"src":{"cn\\atd3\\response":"src"}},"discription":"网站测试网页","require":[],"version":"1.0.0-dev","install":"cn\\atd3\\Install::task","directory":"app","path":"E:\\website\\suda-study\\app\\modules\/app"},"exception":true}}}