{
    "table_id_1": {
        "password": "dxkite",
        "name": "学生XXX统计表",
        "fields": {
            "math": {
                "name": "数学成绩",
                "type": "number"
            },
            "english": {
                "name": "英语成绩",
                "type": "number"
            }
        }
    },
    "table_id_2": {
        "name": "学生XXX统计表-2",
        "fields": {
            "math": {
                "name": "数学成绩",
                "type": "number"
            },
            "english": {
                "name": "英语成绩",
                "type": "number"
            }
        }
    }
}