{"Exception":{"name":"suda\\exception\\SQLException","message":"Column 'name' cannot be null","file":"E:\\website\\suda-study\\suda\\system\\src\\suda\\archive\\SQLQuery.php","line":117,"level":"error","severity":1,"backtrace":[{"file":"E:\\website\\suda-study\\suda\\system\\src\\suda\\archive\\RawQuery.php","line":146,"function":"__query","class":"suda\\archive\\RawQuery","type":"->","args":["INSERT INTO `dx_user` (`name`,`password`) VALUES (:name0,:password1);",{"name0":{"name":"name","value":null},"password1":{"name":"password","value":null}}]},{"file":"E:\\website\\suda-study\\suda\\system\\src\\suda\\archive\\SQLQuery.php","line":117,"function":"exec","class":"suda\\archive\\RawQuery","type":"->","args":[]},{"file":"E:\\website\\suda-study\\suda\\system\\src\\suda\\core\\Query.php","line":64,"function":"exec","class":"suda\\archive\\SQLQuery","type":"->","args":[]},{"file":"E:\\website\\suda-study\\suda\\system\\src\\suda\\archive\\Table.php","line":65,"function":"insert","class":"suda\\core\\Query","type":"::","args":["dx_user",{"name":null,"password":null},{"name0":{"name":"name","value":null},"password1":{"name":"password","value":null}},{}]},{"file":"E:\\website\\suda-study\\app\\modules\\app\\src\\DBResponse.php","line":18,"function":"insert","class":"suda\\archive\\Table","type":"->","args":[{"name":null,"password":null}]},{"function":"onRequest","class":"cn\\atd3\\response\\DBResponse","type":"->","args":[{}]},{"file":"E:\\website\\suda-study\\suda\\system\\src\\suda\\tool\\Command.php","line":139,"function":"invokeArgs","class":"ReflectionMethod","type":"->","args":[{},[{}]]},{"file":"E:\\website\\suda-study\\suda\\system\\src\\suda\\tool\\Command.php","line":78,"function":"_absoluteCall","class":"suda\\tool\\Command","type":"::","args":[[{},"onRequest"],[{}]]},{"file":"E:\\website\\suda-study\\suda\\system\\src\\suda\\core\\route\\Mapping.php","line":134,"function":"exec","class":"suda\\tool\\Command","type":"->","args":[[{}]]},{"file":"E:\\website\\suda-study\\suda\\system\\src\\suda\\core\\Router.php","line":500,"function":"run","class":"suda\\core\\route\\Mapping","type":"->","args":[]},{"file":"E:\\website\\suda-study\\suda\\system\\src\\suda\\core\\Router.php","line":336,"function":"runRouter","class":"suda\\core\\Router","type":"::","args":[{}]},{"file":"E:\\website\\suda-study\\suda\\system\\src\\suda\\core\\System.php","line":85,"function":"dispatch","class":"suda\\core\\Router","type":"->","args":[]},{"file":"E:\\website\\suda-study\\suda\\system\\suda.php","line":7,"function":"run","class":"suda\\core\\System","type":"::","args":[]},{"file":"E:\\website\\suda-study\\public\\dev.php","line":20,"args":["E:\\website\\suda-study\\suda\\system\\suda.php"],"function":"require_once"}]},"Dump":{"_ENV":{"PHP":"7.2.1","SERVER":"Apache\/2.4.23 (Win32) OpenSSL\/1.0.2j mod_fcgid\/2.3.9","SUDA":"1.2.16"},"_PHP":{"_GET":[],"_POST":{"id":"1"},"_FILES":[],"_SERVER":{"PATH":"C:\\Program Files\\Java\\jdk1.8.0_172\\bin;C:\\Program Files\\Java\\jre1.8.0_172\\bin;C:\\ProgramData\\Oracle\\Java\\javapath;C:\\WINDOWS\\system32;C:\\WINDOWS;C:\\WINDOWS\\System32\\Wbem;C:\\WINDOWS\\System32\\WindowsPowerShell\\v1.0\\;C:\\WINDOWS\\System32\\OpenSSH\\;C:\\Program Files\\Java\\jdk-9.0.4\\bin;C:\\Program Files\\Java\\jre-9.0.4\\bin;C:\\Program Files (x86)\\Rational\\common;C:\\Program Files\\MySQL\\MySQL Server 5.7\\bin;C:\\wamp64\\bin\\mysql\\mysql5.7.19\\bin;C:\\wamp64\\bin\\php\\php7.1.9;C:\\Python27\\sqlmap;C:\\Program Files\\Git\\cmd;C:\\Program Files\\Microsoft VS Code\\bin;E:\\phpStudy\\PHPTutorial\\php\\php-7.2.8-nts;E:\\phpStudy\\PHPTutorial\\php\\php-5.6.27-nts;C:\\Users\\song\\AppData\\Local\\Programs\\Python\\Python37\\Scripts\\;C:\\Users\\song\\AppData\\Local\\Programs\\Python\\Python37\\;C:\\Users\\song\\AppData\\Local\\Microsoft\\WindowsApps;C:\\Python27;C:\\Users\\song\\AppData\\Local\\Programs\\Fiddler;C:\\Users\\song\\AppData\\Local\\GitHubDesktop\\bin","SYSTEMROOT":"C:\\WINDOWS","COMSPEC":"C:\\WINDOWS\\system32\\cmd.exe","PATHEXT":".COM;.EXE;.BAT;.CMD;.VBS;.VBE;.JS;.JSE;.WSF;.WSH;.MSC","WINDIR":"C:\\WINDOWS","PHP_FCGI_MAX_REQUESTS":"1000","PHPRC":"E:\/phpStudy\/PHPTutorial\/php\/php-7.2.1-nts\/","_FCGI_SHUTDOWN_EVENT_":"2252","PATH_TRANSLATED":"redirect:\\index.php","PATH_INFO":"\/database","SCRIPT_NAME":"\/dev.php","REQUEST_URI":"\/dev.php\/database","QUERY_STRING":"","REQUEST_METHOD":"POST","SERVER_PROTOCOL":"HTTP\/1.1","GATEWAY_INTERFACE":"CGI\/1.1","REMOTE_PORT":"61249","SCRIPT_FILENAME":"E:\/website\/suda-study\/public\/dev.php","SERVER_ADMIN":"admin@php.cn","CONTEXT_DOCUMENT_ROOT":"E:\/website\/suda-study\/public","CONTEXT_PREFIX":"","REQUEST_SCHEME":"http","DOCUMENT_ROOT":"E:\/website\/suda-study\/public","REMOTE_ADDR":"::1","SERVER_PORT":"80","SERVER_ADDR":"::1","SERVER_NAME":"localhost","SERVER_SOFTWARE":"Apache\/2.4.23 (Win32) OpenSSL\/1.0.2j mod_fcgid\/2.3.9","SERVER_SIGNATURE":"","SystemRoot":"C:\\WINDOWS","HTTP_COOKIE":"hibext_instdsigdip=1; __debug=ZHhraXRl","HTTP_USER_AGENT":"Mozilla\/5.0 (Windows NT 10.0; WOW64; Trident\/7.0; rv:11.0) like Gecko Core\/1.63.5478.400 QQBrowser\/10.1.1550.400","HTTP_CACHE_CONTROL":"no-cache","HTTP_CONNECTION":"close","CONTENT_LENGTH":"4","HTTP_HOST":"localhost","HTTP_ACCEPT_ENCODING":"gzip, deflate","CONTENT_TYPE":"application\/x-www-form-urlencoded","HTTP_ACCEPT_LANGUAGE":"zh-Hans-CN,zh-Hans;q=0.5","HTTP_REFERER":"http:\/\/localhost\/dev.php\/database","HTTP_ACCEPT":"text\/html, application\/xhtml+xml, image\/jxr, *\/*","FCGI_ROLE":"RESPONDER","PHP_SELF":"\/dev.php\/database","REQUEST_TIME_FLOAT":1533551573.133312,"REQUEST_TIME":1533551573},"_COOKIE":{"hibext_instdsigdip":"1","__debug":"ZHhraXRl"}},"_CONST":{"APP_DIR":"E:\\website\\suda-study\\public\/..\/app","APP_LOG":"E:\\website\\suda-study\\public\/..\/app\/data\/logs","SYSTEM":"E:\\website\\suda-study\\public\/..\/suda\/system","APP_PUBLIC":"E:\\website\\suda-study\\public","DEBUG":true,"LOG_LEVEL":"trace","LOG_JSON":false,"LOG_FILE_APPEND":true,"DEFAULT_TIMEZONE":"PRC","D_START":1533551573.134546,"D_MEM":383504,"ROOT_PATH":"E:\\website\\suda-study\\suda","SYSTEM_DIR":"E:\\website\\suda-study\\suda\\system","SYSTEM_RESOURCE":"E:\\website\\suda-study\\suda\\system\/resource","IS_LINUX":false,"IS_CONSOLE":false,"SUDA_VERSION":"1.2.16","MODULES_DIR":"E:\\website\\suda-study\\app\\modules","RESOURCE_DIR":"E:\\website\\suda-study\\app\\resource","DATA_DIR":"E:\\website\\suda-study\\app\\data","RUNTIME_DIR":"E:\\website\\suda-study\\app\\data\\runtime","VIEWS_DIR":"E:\\website\\suda-study\\app\\data\\views","CACHE_DIR":"E:\\website\\suda-study\\app\\data\\cache","CONFIG_DIR":"E:\\website\\suda-study\\app\\resource\\config","TEMP_DIR":"E:\\website\\suda-study\\app\\data\\temp","SHRAE_DIR":"E:\\website\\suda-study\\app\\share","MODULE_RESOURCE":"E:\\website\\suda-study\\app\\modules\\app\\resource","MODULE_CONFIG":"E:\\website\\suda-study\\app\\modules\\app\\resource\\config"},"_LOG":[],"_TIME":{"system":{"time":1533551573.142139,"type":"info"},"init application":{"time":1533551573.1427829,"type":"info","pass":0.0068860054016113281},"init router":{"time":1533551573.1496971,"type":"info","pass":0.0031058788299560547},"run request":{"time":1533551573.152868,"type":"info"},"dispatch":{"time":1533551573.1528699,"type":"info","pass":7.6055526733398438e-5},"run router":{"time":1533551573.153445,"type":"info"},"request":{"time":1533551573.154448,"type":"info"},"compile demo\/app:1.0.0-dev:database":{"time":1533551573.155582,"type":"info","pass":0.00076413154602050781},"connect database":{"time":1533551573.1632509,"type":"info","pass":0.00068116188049316406},"SQL Query 0 \"show columns from dx_user;\"":{"time":1533551573.1642351,"type":"info","pass":0.0029168128967285156},"SQL Query 0 \"INSERT INTO `dx_user` (`name`,`password`) VALUES (:name0,:password1);\"":{"time":1533551573.169332,"type":"info","pass":0.00017786026000976562}},"_COOKIE":{"__debug":{"name":"__debug","value":"ZHhraXRl"}},"_INCLUDE":{"0":"E:\\website\\suda-study\\suda\\system\\src","1":"E:\\website\\suda-study\\public\/..\/app\/share","cn\\atd3":"E:\\website\\suda-study\\app\\modules\/app\\share","cn\\atd3\\response":"E:\\website\\suda-study\\app\\modules\/app\\src"},"_LANG_PATH":["E:\\website\\suda-study\\suda\\system\/resource\/locales","E:\\website\\suda-study\\app\\modules\/app\/resource\/locales\/","E:\\website\\suda-study\\suda\\system\\resource\\modules\/dxkite-suda\/resource\/locales\/","E:\\website\\suda-study\\public\/..\/app\/resource\/locales\/","E:\\website\\suda-study\\app\\modules\\app\\resource\/locales"],"_LANG_STR":{"Hello,World!":"世界，你好！","Memory Cost: %s":"内存消耗：%s","Memory Peak: %s":"内存峰值：%s","Time Cost：%s s":"时间消耗：%s秒","Requst Ip: %s":"请求地址：%s","Performance By Suda v%s":"由 Suda v%s 驱动","page \"%s\"  is not found":"当前页面 \"%s\" 不存在，请确认后继续"},"_CONFIG":{"request":"d492718a_ee0f79","name":"suda-test-app","namespace":"cn\\atd3","version":"1.0-dev","application":"suda\\core\\Application","modules":["suda","app"],"reachable":["app"],"language":"zh-CN","url":{"mode":0,"beautify":true,"rewrite":true},"app":{"request":"ee0f79","name":"suda-test-app","namespace":"cn\\atd3","version":"1.0-dev","application":"suda\\core\\Application","modules":["suda","app"],"reachable":["app"],"language":"zh-CN","url":{"mode":0,"beautify":true,"rewrite":true},"debug":true},"debug":true,"debug-passwd":"dxkite","debug-local":true,"timelimit":0,"timezone":"PRC","markVersion":true,"database":{"prefix":"dx_","host":"127.0.0.1","port":3306,"name":"suda_system","user":"root","passwd":"root","charset":"utf8"},"non-static":"php","module":{"name":"default","namespace":"cn\\atd3","authors":[{"name":"dxkite","email":"dxkite@qq.com"}],"import":{"share":{"cn\\atd3":"share"},"src":{"cn\\atd3\\response":"src"}},"discription":"网站测试网页","require":[],"version":"1.0.0-dev","install":"cn\\atd3\\Install::task","directory":"app","path":"E:\\website\\suda-study\\app\\modules\/app"},"exception":true}}}